model,run,#epochs,metric,e1,e2,e3,e4,e5,e6,e7,e8,e9,e10
65,1,20,loss,0.52830641293525693,0.30492484561920163,0.26640180797100066,0.24521389559745788,0.23450390653610229,0.22539269141674043,0.2199731588077545,0.21449875852584838,0.20814609466075898,0.20629070610523223,0.20181183444976808,0.19902736276626587,0.19812507430076598,0.19547719009160996,0.19251291728973388,0.19208985290527344,0.18843458395004273,0.18928599599838256,0.18656746363639831,0.18435737999916077
65,1,20,acc,0.77228000003814701,0.88352000005722042,0.9019999999809265,0.90928000005722043,0.91560000005722042,0.91940000005722045,0.92340000005722045,0.92420000005722047,0.92527999994277954,0.9280799999809265,0.92935999994277951,0.92968000005722051,0.93064000000000002,0.9310799999809265,0.93323999998092655,0.93255999998092654,0.93339999992370604,0.93340000001907353,0.93640000001907353,0.93464000000000003
65,1,20,val_loss,0.68263263412475583,0.38947054815292359,0.34737323899269101,0.33192246527671815,0.31844731801986692,0.33385413766860961,0.32567466714859011,0.32329002196311951,0.34887064026832582,0.33419814049720764,0.33497027623176573,0.35579201206207273,0.34548136959075926,0.34449892189025877,0.3502255771255493,0.3516680772781372,0.36565630253791809,0.34875605319976805,0.3652488695240021,0.36497137159347537
65,1,20,val_acc,0.56055999996185302,0.85895999992370609,0.8643600000953674,0.87639999999999996,0.88295999996185304,0.878840000038147,0.88127999999999995,0.88068000000000002,0.87743999996185307,0.88136000000000003,0.88204000000000005,0.87795999999999996,0.88095999999999997,0.88048000003814697,0.87708000003814701,0.88168000007629399,0.87716000007629391,0.88172000007629392,0.87920000007629395,0.87888000003814692
