model,run,#epochs,metric,e1,e2,e3,e4,e5,e6,e7,e8,e9,e10
49,1,16,loss,0.52476245758056639,0.3955446627521515,0.36042018773555756,0.31987398779869081,0.29494538574695589,0.28056438004493711,0.26075070808410644,0.24644282099723816,0.23232016000747679,0.22171996170997621,0.20956872296333312,0.20388995426654816,0.19108454816818238,0.18249978024005889,0.17763878732204438,0.17226147361278535
49,1,16,acc,0.81599999999999995,0.87751999999999997,0.89139999999999997,0.90439999999999998,0.91220000000000001,0.91683999999999999,0.92815999999999999,0.93279999999999996,0.94108000000000003,0.94464000000000004,0.94979999999999998,0.95255999999999996,0.95979999999999999,0.96128000000000002,0.96319999999999995,0.96784000000000003
49,1,16,val_loss,0.43489845805168154,0.42687404886245728,0.39240757611274718,0.39932701264858245,0.40170505837917325,0.4240848838663101,0.42970973382472993,0.4454179676914215,0.43977410884380341,0.50390243373394017,0.52291496896266942,0.52369182222843169,0.58533164526939396,0.53798947206497194,0.58725522861003876,0.57583874675273894
49,1,16,val_acc,0.86228000000000005,0.86992000000000003,0.86648000000000003,0.86960000000000004,0.85955999999999999,0.86292000000000002,0.86419999999999997,0.86248000000000002,0.85999999999999999,0.85543999999999998,0.85884000000000005,0.85072000000000003,0.84892000000000001,0.85196000000000005,0.85731999999999997,0.84911999999999999
