model,run,#epochs,metric,e1,e2,e3,e4,e5,e6,e7,e8,e9,e10
16,1,10,loss,0.49758303153991701,0.3248032987499237,0.26289206777095797,0.2334337277317047,0.21344899278163909,0.19591271566867829,0.1870918326997757,0.1795185978269577,0.15387634238481521,0.14167407553672789
16,1,10,acc,0.77024000000000004,0.87724000000000002,0.90359999999999996,0.91720000000000002,0.92435999999999996,0.93491999999999997,0.93764000000000003,0.94276000000000004,0.95404,0.95855999999999997
16,1,10,val_loss,0.43821857358932498,0.31566612191200255,0.3041077907848358,0.28523690514564515,0.32536645594596864,0.34035219195842742,0.32472133796215058,0.34149527354240417,0.3424385731983185,0.36328352462768554
16,1,10,val_acc,0.82487999999999995,0.87307999999999997,0.88392000000000004,0.89339999999999997,0.87983999999999996,0.87675999999999998,0.88360000000000005,0.87648000000000004,0.88431999999999999,0.88460000000000005
