model,run,#epochs,metric,e1,e2,e3,e4,e5,e6,e7,e8,e9,e10
43,1,16,loss,0.56797118704795835,0.39679934411048889,0.2975044289112091,0.24857342157125473,0.22663316940784453,0.2008190318965912,0.17094907341241836,0.15025668893337249,0.137345164219141,0.12642371208429337,0.10741910384178162,0.10845896742463113,0.090954734193086625,0.07901729377031326,0.07952419324278831,0.078510123730301862
43,1,16,acc,0.75527999999999995,0.85736000000000001,0.89451999999999998,0.91359999999999997,0.92415999999999998,0.93535999999999997,0.94791999999999998,0.95748,0.96184000000000003,0.96596000000000004,0.97248000000000001,0.97263999999999995,0.97787999999999997,0.98280000000000001,0.98163999999999996,0.98199999999999998
43,1,16,val_loss,0.50664612762451167,0.41579872360229492,0.40246218434810638,0.29402264507770537,0.29783053779840468,0.32160862833261489,0.33777226785898207,0.37038885350942613,0.45101201982259748,0.41267801181435587,0.42700393946290016,0.52803820536017421,0.45853899530649184,0.55995673922419553,0.52790592430949212,0.53464370098352432
43,1,16,val_acc,0.82643999999999995,0.85087999999999997,0.84387999999999996,0.89144000000000001,0.88839999999999997,0.89095999999999997,0.88112000000000001,0.88315999999999995,0.87016000000000004,0.88031999999999999,0.87944,0.86828000000000005,0.872,0.87780000000000002,0.87687999999999999,0.86616000000000004
